{"H":[96.0960021973,96.0960021973,98.1119995117,98.1119995117,98.1119995117,98.1119995117,98.1119995117,98.1119995117,98.1119995117,96.0960021973,96.0960021973,96.0960021973,96.0960021973,96.0960021973,104.159997559,104.159997559,104.159997559,102.144000244,100.127996826,95.4239990234,94.7520019531,96.0960021973,96.0960021973,94.0799987793,94.0799987793,94.0799987793,94.0799987793,94.0799987793,94.0799987793,94.0799987793,94.0799987793,94.0799987793,94.0799987793,94.0799987793,94.0799987793,94.0799987793,96.0960021973,98.1119995117,102.144000244,103.488000488,106.176000977,98.1119995117,94.7520019531,94.7520019531,94.7520019531,94.7520019531,0,0,0,0,0,96.0960021973,101.47199707,106.176000977,100.8,96.0960021973,96.0960021973,94.7520019531,90.0479980469,88.0320007324,0,0,0,0,0,0,0,0,80.6400024414,80.6400024414,112.223999023,113.568005371,113.568005371,113.568005371,113.568005371,0,0,80.6400024414,80.6400024414,80.6400024414,80.6400024414,80.6400024414,80.6400024414,80.6400024414,80.6400024414,80.6400024414,80.6400024414,80.6400024414,80.6400024414,80.6400024414,80.6400024414,80.6400024414,80.6400024414,79.2960021973,79.2960021973,79.2960021973,79.2960021973,72.5760009766,72.5760009766,73.9200012207,76.608001709],"W":[96.0960021973,96.0960021973,98.1119995117,98.1119995117,98.1119995117,98.1119995117,98.1119995117,98.1119995117,98.1119995117,96.0960021973,96.0960021973,96.0960021973,96.0960021973,96.0960021973,104.159997559,104.159997559,104.159997559,102.144000244,100.127996826,95.4239990234,94.7520019531,96.0960021973,96.0960021973,94.0799987793,94.0799987793,94.0799987793,94.0799987793,94.0799987793,94.0799987793,94.0799987793,94.0799987793,94.0799987793,94.0799987793,94.0799987793,94.0799987793,94.0799987793,96.0960021973,98.1119995117,102.144000244,103.488000488,106.176000977,98.1119995117,94.7520019531,94.7520019531,94.7520019531,94.7520019531,0,0,0,0,0,96.0960021973,101.47199707,106.176000977,100.8,96.0960021973,96.0960021973,94.7520019531,90.0479980469,88.0320007324,0,0,0,0,0,0,0,0,80.6400024414,80.6400024414,112.223999023,113.568005371,113.568005371,113.568005371,113.568005371,0,0,80.6400024414,80.6400024414,80.6400024414,80.6400024414,80.6400024414,80.6400024414,80.6400024414,80.6400024414,80.6400024414,80.6400024414,80.6400024414,80.6400024414,80.6400024414,80.6400024414,80.6400024414,80.6400024414,79.2960021973,79.2960021973,79.2960021973,79.2960021973,72.5760009766,72.5760009766,73.9200012207,76.608001709],"X":[20.8208024989,35.2352028285,35.9743996099,50.6911995366,45.785599561,45.785599561,45.785599561,35.9743996099,45.785599561,16.016002389,20.8208024989,6.40640216932,6.40640216932,11.2112022792,32.9839974003,32.9839974003,27.7759975223,37.4528004968,31.7071965499,30.2175990674,30.0048024352,30.4304027186,30.4304027186,34.4959987229,29.7919987839,34.4959987229,25.087998845,25.087998845,25.087998845,25.087998845,20.383998906,10.9759990281,29.7919987839,25.087998845,29.7919987839,25.087998845,40.0400029384,45.785599561,42.560000509,48.2944008413,44.2400014326,60.5023994878,48.9552028258,48.9552028258,53.6928029235,44.2176027282,0,0,0,0,0,25.6256026088,37.2063966869,44.2400014326,42.0000002012,40.0400029384,54.4544032679,63.1680031188,55.5295973477,54.2864012377,0,0,0,0,0,0,0,0,57.7920039451,49.728003701,29.9263991497,24.6064058663,35.9632064034,35.9632064034,35.9632064034,0,0,21.5040028465,29.5680030906,13.4400026023,1.34400223613,1.34400223613,1.34400223613,37.6320033348,33.6000032127,9.40800248027,41.6640034568,37.6320033348,37.6320033348,25.5360029686,13.4400026023,13.4400026023,9.40800248027,21.1456025752,29.075202795,29.075202795,37.0048030147,30.2400013655,33.8688014144,27.1040016124,24.2592021182],"Y":[49.6495910211,64.0639913507,70.3136007056,70.3136007056,65.40800073,65.40800073,70.3136007056,55.5968007788,70.3136007056,54.454391131,54.454391131,54.454391131,59.2591912408,54.454391131,64.2320076276,74.6480073835,79.8560072614,78.3103981507,71.7584099506,58.8448025146,53.6927920233,64.0639913507,59.2591912408,58.0160033947,48.6080035168,58.0160033947,58.0160033947,58.0160033947,53.3120034558,53.3120034558,53.3120034558,43.9040035778,58.0160033947,62.7200033337,58.0160033947,62.7200033337,59.2591912408,70.3136007056,62.9887981141,63.817597234,60.1663954249,65.40800073,63.1679922186,48.9551919256,53.6927920233,58.4303921209,0,0,0,0,0,59.2591912408,57.5008095343,60.1663954249,62.1599989942,59.2591912408,59.2591912408,67.9055923162,73.5392056444,71.892796668,0,0,0,0,0,0,0,0,25.5359897959,25.5359897959,46.7600025423,47.3199787252,47.3199787252,41.6415784566,41.6415784566,0,0,29.567989918,33.5999900401,29.567989918,33.5999900401,33.5999900401,29.567989918,29.567989918,33.5999900401,25.5359897959,29.567989918,17.4719895518,37.6319901621,33.5999900401,17.4719895518,9.40798930764,33.5999900401,44.9343912986,37.0047910789,37.0047910789,33.039990969,22.982395516,26.6111955649,30.7999946848,35.7503929123],"IsValid":[1,1,1,1,1,1,1,1,1,1,1,1,1,1,1,1,1,1,1,1,1,1,1,1,1,1,1,1,1,1,1,1,1,1,1,1,1,1,1,1,1,1,1,1,1,1,0,0,0,0,0,1,1,1,1,1,1,1,1,1,0,0,0,0,0,0,0,0,1,1,1,1,1,1,1,0,0,1,1,1,1,1,1,1,1,1,1,1,1,1,1,1,1,1,1,1,1,1,1,1,1]}