{"H":[96.0960021973,96.0960021973,98.1119995117,98.1119995117,98.1119995117,98.1119995117,98.1119995117,98.1119995117,98.1119995117,96.0960021973,96.0960021973,96.0960021973,96.0960021973,96.0960021973,104.159997559,104.159997559,104.159997559,102.144000244,100.127996826,95.4239990234,94.7520019531,96.0960021973,96.0960021973,94.0799987793,94.0799987793,94.0799987793,94.0799987793,94.0799987793,94.0799987793,94.0799987793,94.0799987793,94.0799987793,94.0799987793,94.0799987793,94.0799987793,94.0799987793,96.0960021973,98.1119995117,102.144000244,103.488000488,106.176000977,98.1119995117,94.7520019531,94.7520019531,94.7520019531,94.7520019531,0,0,0,0,0,96.0960021973,101.47199707,106.176000977,100.8,96.0960021973,96.0960021973,94.7520019531,90.0479980469,88.0320007324,0,0,0,0,0,0,0,0,80.6400024414,80.6400024414,112.223999023,113.568005371,113.568005371,113.568005371,113.568005371,0,0,80.6400024414,80.6400024414,80.6400024414,80.6400024414,80.6400024414,80.6400024414,80.6400024414,80.6400024414,80.6400024414,80.6400024414,80.6400024414,80.6400024414,80.6400024414,80.6400024414,80.6400024414,80.6400024414,79.2960021973,79.2960021973,79.2960021973,79.2960021973,72.5760009766,72.5760009766,73.9200012207,76.608001709],"W":[96.0960021973,96.0960021973,98.1119995117,98.1119995117,98.1119995117,98.1119995117,98.1119995117,98.1119995117,98.1119995117,96.0960021973,96.0960021973,96.0960021973,96.0960021973,96.0960021973,104.159997559,104.159997559,104.159997559,102.144000244,100.127996826,95.4239990234,94.7520019531,96.0960021973,96.0960021973,94.0799987793,94.0799987793,94.0799987793,94.0799987793,94.0799987793,94.0799987793,94.0799987793,94.0799987793,94.0799987793,94.0799987793,94.0799987793,94.0799987793,94.0799987793,96.0960021973,98.1119995117,102.144000244,103.488000488,106.176000977,98.1119995117,94.7520019531,94.7520019531,94.7520019531,94.7520019531,0,0,0,0,0,96.0960021973,101.47199707,106.176000977,100.8,96.0960021973,96.0960021973,94.7520019531,90.0479980469,88.0320007324,0,0,0,0,0,0,0,0,80.6400024414,80.6400024414,112.223999023,113.568005371,113.568005371,113.568005371,113.568005371,0,0,80.6400024414,80.6400024414,80.6400024414,80.6400024414,80.6400024414,80.6400024414,80.6400024414,80.6400024414,80.6400024414,80.6400024414,80.6400024414,80.6400024414,80.6400024414,80.6400024414,80.6400024414,80.6400024414,79.2960021973,79.2960021973,79.2960021973,79.2960021973,72.5760009766,72.5760009766,73.9200012207,76.608001709],"X":[164.964805795,169.769605905,178.236798902,188.047998853,183.142398877,188.047998853,188.047998853,183.142398877,178.236798902,164.964805795,164.964805795,155.355205575,155.355205575,155.355205575,178.807993982,173.599994104,173.599994104,175.347200826,171.886392107,173.353597603,176.870405463,174.574406015,174.574406015,175.615996892,180.319996831,175.615996892,166.207997014,166.207997014,170.911996953,166.207997014,161.503997075,161.503997075,180.319996831,166.207997014,170.911996953,166.207997014,184.184006234,188.047998853,185.561600851,188.0032015,187.577602751,202.76479878,186.345605658,195.820805853,195.820805853,191.083205755,0,0,0,0,0,169.769605905,179.267192585,187.577602751,193.200000201,198.598406564,169.769605905,172.132805365,163.587195004,164.326402153,0,0,0,0,0,0,0,0,166.656007241,138.432006387,181.428797831,177.923213117,172.244812849,172.244812849,177.923213117,0,0,166.656007241,170.688007363,146.496006631,126.33600602,126.33600602,130.368006142,154.560006875,146.496006631,146.496006631,158.592006997,174.720007485,130.368006142,118.272005776,110.208005532,106.17600541,106.17600541,124.230405432,128.195205542,132.160005651,140.089605871,139.10400283,142.732802879,130.592003321,131.510404511],"Y":[49.6495910211,64.0639913507,65.40800073,70.3136007056,75.2192006811,70.3136007056,65.40800073,55.5968007788,75.2192006811,40.0399908014,44.8447909112,40.0399908014,44.8447909112,35.2351906915,64.2320076276,69.4400075056,79.8560072614,73.2031981385,71.7584099506,58.8448025146,58.4303921209,64.0639913507,59.2591912408,58.0160033947,48.6080035168,58.0160033947,58.0160033947,58.0160033947,58.0160033947,53.3120034558,53.3120034558,43.9040035778,58.0160033947,62.7200033337,67.4240032727,62.7200033337,59.2591912408,65.40800073,62.9887981141,58.6431972095,54.8575953761,60.5024007544,58.4303921209,44.217591828,53.6927920233,44.217591828,0,0,0,0,0,40.0399908014,47.3536098273,54.8575953761,52.0799989942,54.454391131,59.2591912408,63.1679922186,64.5344058397,58.6879965581,0,0,0,0,0,0,0,0,21.5039896739,25.5359897959,41.1488025911,41.6415784566,47.3199787252,41.6415784566,47.3199787252,0,0,37.6319901621,37.6319901621,41.6639902842,37.6319901621,37.6319901621,37.6319901621,41.6639902842,41.6639902842,33.5999900401,41.6639902842,41.6639902842,41.6639902842,37.6319901621,17.4719895518,13.4399894297,33.5999900401,44.9343912986,40.9695911887,37.0047910789,40.9695911887,30.2399956137,33.8687956625,30.7999946848,35.7503929123],"IsValid":[1,1,1,1,1,1,1,1,1,1,1,1,1,1,1,1,1,1,1,1,1,1,1,1,1,1,1,1,1,1,1,1,1,1,1,1,1,1,1,1,1,1,1,1,1,1,0,0,0,0,0,1,1,1,1,1,1,1,1,1,0,0,0,0,0,0,0,0,1,1,1,1,1,1,1,0,0,1,1,1,1,1,1,1,1,1,1,1,1,1,1,1,1,1,1,1,1,1,1,1,1]}