{"H":[320.319999233,320.319999233,327.039999217,327.039999217,327.039999217,327.039999217,327.039999217,327.039999217,327.039999217,320.319999233,320.319999233,320.319999233,320.319999233,320.319999233,347.199999169,347.199999169,347.199999169,340.479999185,333.759999201,318.079999238,315.839999244,320.319999233,320.319999233,313.599999249,313.599999249,313.599999249,313.599999249,313.599999249,313.599999249,313.599999249,313.599999249,313.599999249,313.599999249,313.599999249,313.599999249,313.599999249,320.319999233,327.039999217,340.479999185,344.959999174,353.919999152,327.039999217,315.839999244,315.839999244,315.839999244,315.839999244,183.67999956,183.67999956,183.67999956,183.67999956,244.159999415,320.319999233,338.23999919,353.919999152,335.999999195,320.319999233,320.319999233,315.839999244,300.159999281,293.439999297,219.519999474,212.79999949,212.79999949,228.479999453,217.27999948,194.879999533,0,0,268.799999356,268.799999356,374.079999104,378.559999093,378.559999093,378.559999093,378.559999093,0,0,268.799999356,268.799999356,268.799999356,268.799999356,268.799999356,268.799999356,268.799999356,268.799999356,268.799999356,268.799999356,268.799999356,268.799999356,268.799999356,268.799999356,268.799999356,268.799999356,264.319999367,264.319999367,264.319999367,264.319999367,241.919999421,241.919999421,246.39999941,255.359999388],"W":[320.319999233,320.319999233,327.039999217,327.039999217,327.039999217,327.039999217,327.039999217,327.039999217,327.039999217,320.319999233,320.319999233,320.319999233,320.319999233,320.319999233,347.199999169,347.199999169,347.199999169,340.479999185,333.759999201,318.079999238,315.839999244,320.319999233,320.319999233,313.599999249,313.599999249,313.599999249,313.599999249,313.599999249,313.599999249,313.599999249,313.599999249,313.599999249,313.599999249,313.599999249,313.599999249,313.599999249,320.319999233,327.039999217,340.479999185,344.959999174,353.919999152,327.039999217,315.839999244,315.839999244,315.839999244,315.839999244,183.67999956,183.67999956,183.67999956,183.67999956,246.39999941,320.319999233,338.23999919,353.919999152,335.999999195,320.319999233,320.319999233,315.839999244,300.159999281,293.439999297,215.039999485,197.119999528,197.119999528,217.27999948,221.759999469,208.319999501,0,0,268.799999356,268.799999356,374.079999104,378.559999093,378.559999093,378.559999093,378.559999093,0,0,268.799999356,268.799999356,268.799999356,268.799999356,268.799999356,268.799999356,268.799999356,268.799999356,268.799999356,268.799999356,268.799999356,268.799999356,268.799999356,268.799999356,268.799999356,268.799999356,264.319999367,264.319999367,264.319999367,264.319999367,241.919999421,241.919999421,246.39999941,255.359999388],"X":[98.8400003836,96.8400003836,92.4800003916,92.4800003916,126.480000392,128.480000392,130.480000392,132.480000392,130.480000392,126.840000384,126.840000384,126.840000384,124.840000384,120.840000384,81.4000004157,83.4000004157,79.4000004157,83.7600004077,88.1200003996,122.960000381,125.080000378,122.840000384,124.840000384,129.200000376,129.200000376,129.200000376,131.200000376,129.200000376,113.200000376,113.200000376,111.200000376,113.200000376,131.200000376,133.200000376,131.200000376,135.200000376,294.840000384,294.480000392,289.760000408,287.520000413,281.040000424,298.480000392,311.080000378,315.080000378,319.080000378,323.080000378,430.16000022,430.16000022,428.16000022,430.16000022,346.800000295,296.840000384,283.880000405,273.040000424,294.000000402,312.840000384,284.840000384,283.080000378,289.920000359,294.280000351,420.480000257,445.440000236,445.440000236,428.36000026,410.120000266,402.840000249,0,0,103.600000322,119.600000322,61.9600004479,61.7200004533,61.7200004533,61.7200004533,57.7200004533,0,0,81.6000003219,77.6000003219,131.600000322,135.600000322,127.600000322,119.600000322,79.6000003219,81.6000003219,83.6000003219,79.6000003219,79.6000003219,147.600000322,147.600000322,145.600000322,143.600000322,137.600000322,117.840000316,115.840000316,115.840000316,115.840000316,119.04000029,119.04000029,118.800000295,114.320000306],"Y":[306.840000384,304.840000384,302.480000392,300.480000392,298.480000392,294.480000392,294.480000392,294.480000392,294.480000392,302.840000384,300.840000384,304.840000384,304.840000384,304.840000384,279.400000416,279.400000416,281.400000416,289.760000408,294.1200004,316.960000381,317.080000378,310.840000384,312.840000384,303.200000376,303.200000376,303.200000376,305.200000376,305.200000376,307.200000376,309.200000376,311.200000376,313.200000376,309.200000376,305.200000376,307.200000376,307.200000376,72.8400003836,72.4800003916,67.7600004077,69.5200004131,67.0400004238,88.4800003916,95.0800003782,97.0800003782,97.0800003782,101.080000378,202.16000022,202.16000022,202.16000022,202.16000022,138.920000292,102.840000384,93.880000405,85.0400004238,76.0000004023,78.8400003836,46.8400003836,51.0800003782,57.9200003594,62.2800003514,120.240000263,94.6000002548,94.6000002548,101.760000274,266.36000026,291.560000233,0,0,131.600000322,123.600000322,77.9600004479,75.7200004533,67.7200004533,61.7200004533,57.7200004533,0,0,35.6000003219,41.6000003219,81.6000003219,83.6000003219,83.6000003219,83.6000003219,83.6000003219,83.6000003219,85.6000003219,83.6000003219,83.6000003219,141.600000322,145.600000322,149.600000322,147.600000322,147.600000322,127.840000316,127.840000316,129.840000317,131.840000317,135.04000029,137.04000029,134.800000295,130.320000306],"IsValid":[1,1,1,1,1,1,1,1,1,1,1,1,1,1,1,1,1,1,1,1,1,1,1,1,1,1,1,1,1,1,1,1,1,1,1,1,1,1,1,1,1,1,1,1,1,1,1,1,1,1,1,1,1,1,1,1,1,1,1,1,1,1,1,1,1,1,0,0,1,1,1,1,1,1,1,0,0,1,1,1,1,1,1,1,1,1,1,1,1,1,1,1,1,1,1,1,1,1,1,1,1]}