{"DotNum":[0,0,0,0,1,1,1,1,1,2,2,2,2,2,3,3,3,3,3,4,4,4,4,5,5,5,5,5,6,6,6,6,7,7,7,7,8,8,8,8,8,9,9,9,9,9,10,10,10,10,11,11,11,11,12,12,13,13,13,13,14,14,14,14,15,15,15,15,16,16,17,17,17,17,17,18,18,18,18,19,19,19,19,20,20,20,20,20,21,21,21,21,21,22,22,22,22,23,23,23,23],"XPts":[280,280,280,280,186.529135704,186.529135704,186.529135704,186.529135704,186.529135704,208.417692184,208.417692184,208.417692184,208.417692184,208.417692184,198.40886116,198.40886116,198.40886116,198.40886116,198.40886116,234.3704319,234.3704319,234.3704319,234.3704319,280,280,280,280,280,60.2444696426,60.2444696426,60.2444696426,60.2444696426,280,280,280,280,459.097131252,459.097131252,459.097131252,459.097131252,459.097131252,162,162,162,162,162,317.948998928,317.948998928,317.948998928,317.948998928,528,528,528,528,284,284,228.646163225,228.646163225,228.646163225,228.646163225,339.066820145,339.066820145,339.066820145,339.066820145,256.66503644,256.66503644,256.66503644,256.66503644,366.983714104,366.983714104,166.117594242,166.117594242,166.117594242,166.117594242,166.117594242,217.191341877,217.191341877,217.191341877,217.191341877,484.840435982,484.840435982,484.840435982,484.840435982,168.365137339,168.365137339,168.365137339,168.365137339,168.365137339,252.395316839,252.395316839,252.395316839,252.395316839,252.395316839,406,406,406,406,528,528,528,528],"YPts":[528,528,528,528,328.472961426,328.472961426,328.472961426,328.472961426,328.472961426,493.518649578,493.518649578,493.518649578,493.518649578,493.518649578,314.891366482,314.891366482,314.891366482,314.891366482,314.891366482,158.74091053,158.74091053,158.74091053,158.74091053,40,40,40,40,40,406.876451492,406.876451492,406.876451492,406.876451492,284,284,284,284,179.115409851,179.115409851,179.115409851,179.115409851,179.115409851,100,100,100,100,100,177.444000244,177.444000244,177.444000244,177.444000244,160,160,160,160,40,40,274.75894928,274.75894928,274.75894928,274.75894928,265.366282463,265.366282463,265.366282463,265.366282463,171.96117878,171.96117878,171.96117878,171.96117878,259.133257866,259.133257866,157.682228088,157.682228088,157.682228088,157.682228088,157.682228088,215.850658417,215.850658417,215.850658417,215.850658417,200.40157795,200.40157795,200.40157795,200.40157795,186.797399521,186.797399521,186.797399521,186.797399521,186.797399521,180.668830872,180.668830872,180.668830872,180.668830872,180.668830872,100,100,100,100,40,40,40,40],"XCam":[1.93875,1.93875,1.93875,1.93875,0.428611348718,0.428611348718,0.428611348718,0.428611348718,0.428611348718,0.782248339355,0.782248339355,0.782248339355,0.782248339355,0.782248339355,0.620543163121,0.620543163121,0.620543163121,0.620543163121,0.620543163121,1.20154729038,1.20154729038,1.20154729038,1.20154729038,1.93875,1.93875,1.93875,1.93875,1.93875,-1.61167528734,-1.61167528734,-1.61167528734,-1.61167528734,1.93875,1.93875,1.93875,1.93875,-2.79805111023,-2.79805111023,-2.79805111023,-2.79805111023,-2.79805111023,-7.52597535211,-7.52597535211,-7.52597535211,-7.52597535211,-7.52597535211,-5.044244716,-5.044244716,-5.044244716,-5.044244716,-1.70154929577,-1.70154929577,-1.70154929577,-1.70154929577,-5.5845,-5.5845,-6.46538614544,-6.46538614544,-6.46538614544,-6.46538614544,-4.70818136041,-4.70818136041,-4.70818136041,-4.70818136041,-6.01950129511,-6.01950129511,-6.01950129511,-6.01950129511,6.90508061934,6.90508061934,3.70855094076,3.70855094076,3.70855094076,3.70855094076,3.70855094076,4.521324893,4.521324893,4.521324893,4.521324893,8.78062095218,8.78062095218,8.78062095218,8.78062095218,3.74431774015,3.74431774015,3.74431774015,3.74431774015,3.74431774015,5.08155152977,5.08155152977,5.08155152977,5.08155152977,5.08155152977,7.52597535211,7.52597535211,7.52597535211,7.52597535211,9.46745070423,9.46745070423,9.46745070423,9.46745070423],"YCam":[-9.46745070423,-9.46745070423,-9.46745070423,-9.46745070423,-6.29223080691,-6.29223080691,-6.29223080691,-6.29223080691,-6.29223080691,-8.91872372101,-8.91872372101,-8.91872372101,-8.91872372101,-8.91872372101,-6.07609693949,-6.07609693949,-6.07609693949,-6.07609693949,-6.07609693949,-3.59116037021,-3.59116037021,-3.59116037021,-3.59116037021,-1.70154929577,-1.70154929577,-1.70154929577,-1.70154929577,-1.70154929577,-7.53992296662,-7.53992296662,-7.53992296662,-7.53992296662,-5.5845,-5.5845,-5.5845,-5.5845,-0.308833340406,-0.308833340406,-0.308833340406,-0.308833340406,-0.308833340406,0.969375,0.969375,0.969375,0.969375,0.969375,-0.281829628944,-0.281829628944,-0.281829628944,-0.281829628944,0,0,0,0,1.93875,1.93875,-1.8540742743,-1.8540742743,-1.8540742743,-1.8540742743,-1.70232400104,-1.70232400104,-1.70232400104,-1.70232400104,-0.193247794658,-0.193247794658,-0.193247794658,-0.193247794658,-1.6016216974,-1.6016216974,0.0374465024471,0.0374465024471,0.0374465024471,0.0374465024471,0.0374465024471,-0.902337200046,-0.902337200046,-0.902337200046,-0.902337200046,-0.652737993747,-0.652737993747,-0.652737993747,-0.652737993747,-0.432945486009,-0.432945486009,-0.432945486009,-0.432945486009,-0.432945486009,-0.333930798769,-0.333930798769,-0.333930798769,-0.333930798769,-0.333930798769,0.969375,0.969375,0.969375,0.969375,1.93875,1.93875,1.93875,1.93875],"Time":[0.237868,0.304913,0.354951,0.43821,0.208618,0.274985,0.341627,0.3951941,0.446846,0.208514,0.275508,0.342451,0.398662,0.471655,0.219578,0.290018,0.358073,0.4173231,0.468838,0.260258,0.326991,0.394123,0.447914,0.21157,0.27843,0.332632,0.383983,0.435494,0.261117,0.315144,0.367036,0.427739,0.24484,0.311403,0.364715,0.421797,0.215656,0.267971,0.320296,0.371031,0.422141,0.210083,0.26652,0.317004,0.371646,0.432356,0.234535,0.30317,0.354097,0.434711,0.223446,0.30256,0.379952,0.450707,0.285271,0.408192,0.259295,0.32085,0.394853,0.448533,0.23714,0.296762,0.353558,0.438846,0.219703,0.273096,0.358544,0.431226,0.229392,0.358403,0.213782,0.263975,0.314762,0.380654,0.447148,0.207589,0.291125,0.373842,0.440356,0.207182,0.282586,0.354849,0.43209,0.245683,0.298213,0.358415,0.414285,0.472369,0.230699,0.285322,0.338026,0.389059,0.442785,0.211902,0.269967,0.330038,0.389478,0.244346,0.300373,0.356626,0.415565]}